timestamp,prompt_hash,seed,status,elapsed
2025-03-28T17:13:19.474078,746181,8460841209749630728,SUCCESS,0.03
2025-03-28T17:13:19.477079,282100,7606246583601046516,SUCCESS,0.00
2025-03-28T17:13:19.496087,918888,4548616143013279195,SUCCESS,0.02
2025-03-28T17:13:19.514362,612556,7166813073871149754,SUCCESS,0.02
2025-03-28T17:13:19.533878,689563,16134805781953605984,SUCCESS,0.02
2025-03-28T17:13:19.553095,888885,12082348771690355285,SUCCESS,0.02
2025-03-28T17:13:19.574091,26696,12818145570174262707,SUCCESS,0.02
2025-03-28T17:13:19.592089,841244,13258398722183651172,SUCCESS,0.02
2025-03-28T17:13:19.611098,522883,8689414909171610499,SUCCESS,0.02
2025-03-28T17:13:19.630107,396334,10241395759076007997,SUCCESS,0.02
2025-03-28T17:13:19.651953,282271,12940491364364075945,SUCCESS,0.02
2025-03-28T17:13:19.672959,956225,14401755283327273784,SUCCESS,0.02
2025-03-28T17:13:19.693955,746181,815574209846794482,SUCCESS,0.02
2025-03-28T17:13:19.714959,282100,8912305384893009207,SUCCESS,0.02
2025-03-28T17:13:19.736580,918888,6423853893604210489,SUCCESS,0.02
2025-03-28T17:13:19.758581,612556,7655666870827163394,SUCCESS,0.02
2025-03-28T17:13:19.780580,689563,3343856486654730937,SUCCESS,0.02
2025-03-28T17:13:19.802583,888885,3690988914536766714,SUCCESS,0.02
2025-03-28T17:13:19.824585,26696,8937803200067227205,SUCCESS,0.02
2025-03-28T17:13:19.857099,841244,11260982525995994566,SUCCESS,0.03
2025-03-28T17:13:19.878467,522883,18162580992297376915,SUCCESS,0.02
2025-03-28T17:13:19.901467,396334,13487639903064842617,SUCCESS,0.02
2025-03-28T17:13:19.939084,282271,10445145644131885408,SUCCESS,0.04
2025-03-28T17:13:19.968084,956225,17517310963676466769,SUCCESS,0.03
2025-03-28T17:13:19.972092,746181,13748095083111450505,SUCCESS,0.00
2025-03-28T17:13:20.010511,282100,405390849706085510,SUCCESS,0.04
2025-03-28T17:13:20.018512,918888,11070181951712637216,SUCCESS,0.01
2025-03-28T17:13:20.058316,612556,17625286303034146958,SUCCESS,0.04
2025-03-28T17:13:20.086929,689563,13862787906022926982,SUCCESS,0.03
2025-03-28T17:13:20.090928,888885,13617165957184509511,SUCCESS,0.00
2025-03-28T17:13:20.094930,26696,14437475391370984279,SUCCESS,0.00
2025-03-28T17:13:20.118940,841244,16197075851284847863,SUCCESS,0.02
2025-03-28T17:13:20.144977,522883,1661037410087142993,SUCCESS,0.03
2025-03-28T17:13:20.188066,396334,17886193911727070695,SUCCESS,0.04
2025-03-28T17:13:20.214051,282271,2305786037827705623,SUCCESS,0.02
2025-03-28T17:13:20.244202,956225,15147779799157126675,SUCCESS,0.03
2025-03-28T17:13:20.249673,746181,13227055531289469054,SUCCESS,0.01
2025-03-28T17:13:20.254672,282100,17654120553627551253,SUCCESS,0.00
2025-03-28T17:13:20.259673,918888,18322092725385700690,SUCCESS,0.01
2025-03-28T17:13:20.263672,612556,3853245178487295302,SUCCESS,0.00
2025-03-28T17:13:20.267672,689563,210374812127436624,SUCCESS,0.00
2025-03-28T17:13:20.271673,888885,17161733423140988603,SUCCESS,0.00
2025-03-28T17:13:20.276672,26696,11664139797530698648,SUCCESS,0.00
2025-03-28T17:13:20.298672,841244,14346866960276878085,SUCCESS,0.02
2025-03-28T17:13:20.327862,522883,6071625056442039512,SUCCESS,0.03
2025-03-28T17:13:20.332863,396334,13046796609612332602,SUCCESS,0.00
2025-03-28T17:13:20.337014,282271,7007793079511432807,SUCCESS,0.00
2025-03-28T17:13:20.386012,956225,14802512898340676369,SUCCESS,0.05
2025-03-28T17:13:20.430075,746181,11156270652516916414,SUCCESS,0.04
2025-03-28T17:13:20.480583,282100,10928822270082167490,SUCCESS,0.05
2025-03-28T17:13:20.515599,918888,15757561718952065046,SUCCESS,0.03
2025-03-28T17:13:20.571206,612556,4909526579532587467,SUCCESS,0.06
2025-03-28T17:13:20.626211,689563,6670533890411514973,SUCCESS,0.06
2025-03-28T17:13:20.664724,888885,12290557972085262242,SUCCESS,0.04
2025-03-28T17:13:20.717729,26696,14599396113055358882,SUCCESS,0.05
2025-03-28T17:13:20.791776,841244,1712781149715476500,SUCCESS,0.07
2025-03-28T17:13:20.844291,522883,16671276048567714310,SUCCESS,0.05
2025-03-28T17:13:20.883294,396334,3660240560790671327,SUCCESS,0.04
2025-03-28T17:13:20.944816,282271,18271003100779636177,SUCCESS,0.06
2025-03-28T17:13:20.978819,956225,5108108099179956456,SUCCESS,0.03
2025-03-28T17:13:21.034185,746181,10505478214670007441,SUCCESS,0.05
2025-03-28T17:13:21.071698,282100,14293268204394294320,SUCCESS,0.04
2025-03-28T17:13:21.127128,918888,17117479396923271232,SUCCESS,0.05
2025-03-28T17:13:21.163528,612556,2196332596511790763,SUCCESS,0.04
2025-03-28T17:13:21.220530,689563,4374451226239818244,SUCCESS,0.06
2025-03-28T17:13:21.268965,888885,3922515765333386945,SUCCESS,0.05
2025-03-28T17:13:21.325967,26696,3613913077075053526,SUCCESS,0.06
2025-03-28T17:13:21.362657,841244,13499315004335291022,SUCCESS,0.04
2025-03-28T17:13:21.422664,522883,2227969852207555325,SUCCESS,0.06
2025-03-28T17:13:21.478666,396334,3009731369358039021,SUCCESS,0.06
2025-03-28T17:13:21.535699,282271,2725729192885587126,SUCCESS,0.06
2025-03-28T17:13:21.551212,956225,3135002694655597484,SUCCESS,0.02
2025-03-28T17:18:15.682371,434019,4137625321775874171,SUCCESS,0.06
2025-03-28T17:18:15.689380,813810,10966171861366257781,SUCCESS,0.01
2025-03-28T17:18:15.697399,893343,5161352558777894306,SUCCESS,0.01
2025-03-28T17:18:15.777848,666477,16463348284997953169,SUCCESS,0.08
2025-03-28T17:18:15.808387,109403,17269838712714136155,SUCCESS,0.03
2025-03-28T17:18:15.843600,425537,15861464591982147796,SUCCESS,0.03
2025-03-28T17:18:15.875598,303780,11378692279442220895,SUCCESS,0.03
2025-03-28T17:18:15.908602,790065,9165910128646984696,SUCCESS,0.03
2025-03-28T17:18:15.940451,973390,17116211877246991160,SUCCESS,0.03
2025-03-28T17:18:15.973449,19925,2988710203300341888,SUCCESS,0.03
2025-03-28T17:18:16.005449,680625,6380814868211135714,SUCCESS,0.03
2025-03-28T17:18:16.038963,646619,5115664645338517605,SUCCESS,0.03
2025-03-28T17:18:16.078964,434019,699859870930942803,SUCCESS,0.04
2025-03-28T17:18:16.112477,813810,7749807281740403576,SUCCESS,0.03
2025-03-28T17:18:16.146919,893343,1104830919047622773,SUCCESS,0.03
2025-03-28T17:18:16.177922,666477,3453841061623277353,SUCCESS,0.03
2025-03-28T17:18:16.211513,109403,6448279460683727262,SUCCESS,0.03
2025-03-28T17:18:16.249651,425537,11883756775561886917,SUCCESS,0.04
2025-03-28T17:18:16.284649,303780,16182877895487143319,SUCCESS,0.03
2025-03-28T17:18:16.318163,790065,14310775364090792161,SUCCESS,0.03
2025-03-28T17:18:16.378299,973390,13028587802839844619,SUCCESS,0.06
2025-03-28T17:18:16.386306,19925,863621489494825666,SUCCESS,0.01
2025-03-28T17:18:16.391308,680625,12209787546039926165,SUCCESS,0.00
2025-03-28T17:18:16.439835,646619,495214339158192507,SUCCESS,0.05
2025-03-28T17:18:16.506845,434019,13042572727856228732,SUCCESS,0.07
2025-03-28T17:18:16.549374,813810,1834509115831235960,SUCCESS,0.04
2025-03-28T17:18:16.593376,893343,10203555673229349759,SUCCESS,0.04
2025-03-28T17:18:16.659202,666477,5312296453654328057,SUCCESS,0.07
2025-03-28T17:18:16.667593,109403,17626666016019410017,SUCCESS,0.01
2025-03-28T17:18:16.671592,425537,6833647584358880008,SUCCESS,0.00
2025-03-28T17:18:16.675591,303780,5522547012463432882,SUCCESS,0.00
2025-03-28T17:18:16.678592,790065,1542237045282928186,SUCCESS,0.00
2025-03-28T17:18:16.682596,973390,18442950096030706380,SUCCESS,0.00
2025-03-28T17:18:16.686590,19925,973491829897938884,SUCCESS,0.00
2025-03-28T17:18:16.690591,680625,8712597473229078110,SUCCESS,0.00
2025-03-28T17:18:16.695591,646619,1984187513120731303,SUCCESS,0.00
2025-03-28T17:18:16.734619,434019,6510971691044144617,SUCCESS,0.04
2025-03-28T17:18:16.808134,813810,13828825562692860417,SUCCESS,0.07
2025-03-28T17:18:16.851650,893343,15377365824576713069,SUCCESS,0.04
2025-03-28T17:18:16.923741,666477,15030191899211584757,SUCCESS,0.07
2025-03-28T17:18:16.964948,109403,12427171979508862799,SUCCESS,0.04
2025-03-28T17:18:17.037470,425537,1311759522907417209,SUCCESS,0.07
2025-03-28T17:18:17.076469,303780,11848614044603987042,SUCCESS,0.04
2025-03-28T17:18:17.125599,790065,5011119083593729655,SUCCESS,0.05
2025-03-28T17:18:17.166145,973390,4589209109005301240,SUCCESS,0.04
2025-03-28T17:18:17.207141,19925,6476237591255445525,SUCCESS,0.04
2025-03-28T17:18:17.226745,680625,15634037425898532198,SUCCESS,0.02
2025-03-28T17:18:17.230787,646619,10011390516457168072,SUCCESS,0.00
2025-03-28T17:18:17.234788,434019,11637867473485907795,SUCCESS,0.00
2025-03-28T17:18:17.237787,813810,450542114253077525,SUCCESS,0.00
2025-03-28T17:18:17.241789,893343,18249394358959443503,SUCCESS,0.00
2025-03-28T17:18:17.245788,666477,5200458395557921413,SUCCESS,0.00
2025-03-28T17:18:17.250790,109403,92943597768900361,SUCCESS,0.00
2025-03-28T17:18:17.293789,425537,4238539010204404773,SUCCESS,0.04
2025-03-28T17:18:17.370424,303780,13649493029382531231,SUCCESS,0.08
2025-03-28T17:18:17.417431,790065,4823546964782439785,SUCCESS,0.05
2025-03-28T17:18:17.495945,973390,10257377572397626572,SUCCESS,0.08
2025-03-28T17:18:17.572579,19925,3676444681017396346,SUCCESS,0.08
2025-03-28T17:18:17.619579,680625,10368812441839758826,SUCCESS,0.05
2025-03-28T17:18:17.704092,646619,9793854373563571638,SUCCESS,0.08
2025-03-28T17:18:17.750165,434019,8998849509544150401,SUCCESS,0.05
2025-03-28T17:18:17.832770,813810,1715286120705574008,SUCCESS,0.08
2025-03-28T17:18:17.917856,893343,9949062562721248390,SUCCESS,0.08
2025-03-28T17:18:17.966943,666477,2148345221607807525,SUCCESS,0.05
2025-03-28T17:18:18.049834,109403,17895759281040313380,SUCCESS,0.08
2025-03-28T17:18:18.131457,425537,1563021575705641903,SUCCESS,0.08
2025-03-28T17:18:18.188458,303780,744859054530751206,SUCCESS,0.06
2025-03-28T17:18:18.280601,790065,5110024936837842786,SUCCESS,0.09
2025-03-28T17:18:18.350504,973390,9382791866824489899,SUCCESS,0.07
2025-03-28T17:18:18.398506,19925,6459968022264900075,SUCCESS,0.05
2025-03-28T17:18:18.444021,680625,1123929559574037775,SUCCESS,0.04
2025-03-28T17:18:18.448021,646619,9979570498686123013,SUCCESS,0.00
2025-03-28T17:28:19.697726,788715,15776340739093344390,SUCCESS,0.03
2025-03-28T17:28:19.741725,11081,4247447252183556357,SUCCESS,0.04
2025-03-28T17:28:19.785732,5920,3293137512332810648,SUCCESS,0.04
2025-03-28T17:28:19.790245,457442,13562598220213458974,SUCCESS,0.00
2025-03-28T17:28:19.869385,410162,2297706012936522620,SUCCESS,0.08
2025-03-28T17:28:19.930437,514605,15344911798779831475,SUCCESS,0.06
2025-03-28T17:28:19.935437,354094,7518974872755607013,SUCCESS,0.00
2025-03-28T17:28:20.012860,145595,13129118022950654723,SUCCESS,0.08
2025-03-28T17:28:20.064082,722118,2258460794042780994,SUCCESS,0.05
2025-03-28T17:28:20.069083,295672,11074870293375515182,SUCCESS,0.00
2025-03-28T17:28:20.073093,551597,14691861251533180345,SUCCESS,0.00
2025-03-28T17:28:20.153560,826825,15713922084038350539,SUCCESS,0.08
2025-03-28T17:28:20.203805,788715,3626216983730362868,SUCCESS,0.05
2025-03-28T17:28:20.247526,11081,1492202211806244183,SUCCESS,0.04
2025-03-28T17:28:20.292048,5920,479114264151038186,SUCCESS,0.04
2025-03-28T17:28:20.339049,457442,13154971503024065084,SUCCESS,0.05
2025-03-28T17:28:20.384055,410162,6924300787124749864,SUCCESS,0.04
2025-03-28T17:28:20.428969,514605,11977884980689493898,SUCCESS,0.04
2025-03-28T17:28:20.519940,354094,2088286442387370547,SUCCESS,0.09
2025-03-28T17:28:20.527940,145595,11337263408857744647,SUCCESS,0.01
2025-03-28T17:28:20.609461,722118,7293272806725115673,SUCCESS,0.08
2025-03-28T17:28:20.661069,295672,4640917857747704627,SUCCESS,0.05
2025-03-28T17:28:20.665070,551597,9382333418519887938,SUCCESS,0.00
2025-03-28T17:28:20.669068,826825,16429464663009587572,SUCCESS,0.00
2025-03-28T17:28:20.672069,788715,17092887464829385451,SUCCESS,0.00
2025-03-28T17:28:20.696298,11081,8375399816503130132,SUCCESS,0.02
2025-03-28T17:28:20.700298,5920,2904680793537618869,SUCCESS,0.00
2025-03-28T17:28:20.747298,457442,5250955133736824955,SUCCESS,0.05
2025-03-28T17:28:20.832934,410162,10014530035580615687,SUCCESS,0.09
2025-03-28T17:28:20.934492,514605,8647770396578594191,SUCCESS,0.10
2025-03-28T17:28:20.987495,354094,10795286870899189108,SUCCESS,0.05
2025-03-28T17:28:21.084300,145595,17020419569534846680,SUCCESS,0.10
2025-03-28T17:28:21.136901,722118,9637614508750508554,SUCCESS,0.05
2025-03-28T17:28:21.141901,295672,15742067172329062417,SUCCESS,0.00
2025-03-28T17:28:21.144902,551597,8372519417066989140,SUCCESS,0.00
2025-03-28T17:28:21.148901,826825,7105308892999275702,SUCCESS,0.00
2025-03-28T17:28:21.151899,788715,269405482637916549,SUCCESS,0.00
2025-03-28T17:28:21.155900,11081,1321144702026297560,SUCCESS,0.00
2025-03-28T17:28:21.177908,5920,9417379670676338204,SUCCESS,0.02
2025-03-28T17:28:21.182906,457442,15351352906407443637,SUCCESS,0.00
2025-03-28T17:28:21.186905,410162,12661343523182737121,SUCCESS,0.00
2025-03-28T17:28:21.190419,514605,7935289289482451523,SUCCESS,0.00
2025-03-28T17:28:21.194419,354094,11963961767193343656,SUCCESS,0.00
2025-03-28T17:28:21.198417,145595,282899694017013821,SUCCESS,0.00
2025-03-28T17:28:21.201416,722118,9320888116068749413,SUCCESS,0.00
2025-03-28T17:28:21.252556,295672,16488980695317097105,SUCCESS,0.05
2025-03-28T17:28:21.256561,551597,6307731906809204470,SUCCESS,0.00
2025-03-28T17:28:21.259562,826825,6779292054136854807,SUCCESS,0.00
2025-03-28T17:28:21.262562,788715,9195790940853028701,SUCCESS,0.00
2025-03-28T17:28:21.285567,11081,8274741014475905077,SUCCESS,0.02
2025-03-28T17:28:21.290094,5920,14818334851612957964,SUCCESS,0.00
2025-03-28T17:28:21.294096,457442,7009506165422449710,SUCCESS,0.00
2025-03-28T17:28:21.297095,410162,13809345178137791048,SUCCESS,0.00
2025-03-28T17:28:21.301095,514605,2326316452479546223,SUCCESS,0.00
2025-03-28T17:28:21.315097,354094,16538856799690722760,SUCCESS,0.01
2025-03-28T17:28:21.379746,145595,3260163299370753196,SUCCESS,0.06
2025-03-28T17:28:21.485939,722118,13417417295841249103,SUCCESS,0.11
2025-03-28T17:28:21.592969,295672,7024204652123329216,SUCCESS,0.11
2025-03-28T17:28:21.659077,551597,2852530783329892941,SUCCESS,0.07
2025-03-28T17:28:21.758595,826825,8267287444640147010,SUCCESS,0.10
2025-03-28T17:28:21.815975,788715,3459694677267521477,SUCCESS,0.06
2025-03-28T17:28:21.916220,11081,14104746319027574703,SUCCESS,0.10
2025-03-28T17:28:21.979223,5920,4019722958416751441,SUCCESS,0.06
2025-03-28T17:28:22.081900,457442,17817670910895091712,SUCCESS,0.10
2025-03-28T17:28:22.150254,410162,2591119566271804390,SUCCESS,0.07
2025-03-28T17:28:22.266340,514605,10913511952193556048,SUCCESS,0.12
2025-03-28T17:28:22.326329,354094,17068707924230453953,SUCCESS,0.06
2025-03-28T17:28:22.428015,145595,8752415843425998645,SUCCESS,0.10
2025-03-28T17:28:22.488019,722118,10673398119408974664,SUCCESS,0.06
2025-03-28T17:28:22.591437,295672,1624053398212086111,SUCCESS,0.10
2025-03-28T17:28:22.662586,551597,6554450113805096638,SUCCESS,0.07
2025-03-28T17:28:22.772143,826825,12097819408876185579,SUCCESS,0.11
2025-03-28T18:40:15.571331,773669,3008553453094140434,SUCCESS,0.03
2025-03-28T18:40:15.577446,785142,17814645480475834382,SUCCESS,0.01
2025-03-28T18:40:15.609230,422463,12146047983164182194,SUCCESS,0.03
2025-03-28T18:40:15.632569,65821,14979922627903601791,SUCCESS,0.02
2025-03-28T18:40:15.656256,341278,6012253286748647465,SUCCESS,0.02
2025-03-28T18:40:15.681507,594907,12071117268256243514,SUCCESS,0.02
2025-03-28T18:40:15.710700,112462,2630874369247926353,SUCCESS,0.03
2025-03-28T18:40:15.717220,23810,16895756922537413306,SUCCESS,0.01
2025-03-28T18:40:15.723731,106403,10138731431700194213,SUCCESS,0.01
2025-03-28T18:40:15.733257,55024,4514564232712064949,SUCCESS,0.01
2025-03-28T18:40:15.757294,9140,7818779683601531725,SUCCESS,0.02
2025-03-28T18:40:15.800456,649119,15678248315161187994,SUCCESS,0.04
2025-03-28T18:40:15.866951,773669,14197911472494642722,SUCCESS,0.07
2025-03-28T18:40:15.914440,785142,9774416848897506821,SUCCESS,0.05
2025-03-28T18:40:15.979025,422463,4799702054838973233,SUCCESS,0.06
2025-03-28T18:40:16.025467,65821,9307655392019284898,SUCCESS,0.05
2025-03-28T18:40:16.033988,341278,12535948592624110880,SUCCESS,0.01
2025-03-28T18:40:16.043519,594907,13143077677122519099,SUCCESS,0.01
2025-03-28T18:40:16.061027,112462,10944700567512468288,SUCCESS,0.02
2025-03-28T18:40:16.069064,23810,3674242524015172888,SUCCESS,0.01
2025-03-28T18:40:16.116695,106403,15690985316211516582,SUCCESS,0.05
2025-03-28T18:40:16.125209,55024,2781457033596574041,SUCCESS,0.01
2025-03-28T18:40:16.131210,9140,9687500484555091803,SUCCESS,0.00
2025-03-28T18:40:16.135723,649119,14870373443256189098,SUCCESS,0.00
2025-03-28T18:40:16.154756,773669,9994483062250244541,SUCCESS,0.02
2025-03-28T18:40:16.169799,785142,11078542502124507763,SUCCESS,0.02
2025-03-28T18:40:16.175313,422463,17384654777638054002,SUCCESS,0.01
2025-03-28T18:40:16.181324,65821,14613491642797654079,SUCCESS,0.01
2025-03-28T18:40:16.208827,341278,12449634877408356911,SUCCESS,0.03
2025-03-28T18:40:16.232326,594907,15932561905741994267,SUCCESS,0.02
2025-03-28T18:40:16.255177,112462,4633782736366813763,SUCCESS,0.02
2025-03-28T18:40:16.293283,23810,2053957462948196540,SUCCESS,0.04
2025-03-28T18:40:16.308796,106403,13090058972973653978,SUCCESS,0.01
2025-03-28T18:40:16.313307,55024,3786877061980665232,SUCCESS,0.00
2025-03-28T18:40:16.316306,9140,1511848470106538782,SUCCESS,0.00
2025-03-28T18:40:16.318309,649119,6102951392820107479,SUCCESS,0.00
2025-03-28T18:40:16.321308,773669,14424403409937341346,SUCCESS,0.00
2025-03-28T18:40:16.324541,785142,16454434558192407732,SUCCESS,0.00
2025-03-28T18:40:16.327538,422463,3248814323105612894,SUCCESS,0.00
2025-03-28T18:40:16.331537,65821,5940241226187486696,SUCCESS,0.00
2025-03-28T18:40:16.378556,341278,2809711544619143016,SUCCESS,0.05
2025-03-28T18:40:16.425417,594907,1334875092005144112,SUCCESS,0.05
2025-03-28T18:40:16.455957,112462,3756372009180280543,SUCCESS,0.03
2025-03-28T18:40:16.485012,23810,9171490611719112354,SUCCESS,0.03
2025-03-28T18:40:16.510036,106403,18348914487298868192,SUCCESS,0.03
2025-03-28T18:40:16.530717,55024,664181657908301076,SUCCESS,0.02
2025-03-28T18:40:16.554257,9140,12974164048205250060,SUCCESS,0.02
2025-03-28T18:40:16.570955,649119,16980226459660317866,SUCCESS,0.02
2025-03-28T18:40:16.578474,773669,13114531616460354826,SUCCESS,0.01
2025-03-28T18:40:16.617132,785142,7439053300288435865,SUCCESS,0.04
2025-03-28T18:40:16.646012,422463,7379824554554975980,SUCCESS,0.03
2025-03-28T18:40:16.700259,65821,464568709825970564,SUCCESS,0.05
2025-03-28T18:40:16.729560,341278,5917707889190938832,SUCCESS,0.03
2025-03-28T18:40:16.762906,594907,3900969401387925444,SUCCESS,0.03
2025-03-28T18:40:16.815676,112462,3619253530466502945,SUCCESS,0.05
2025-03-28T18:40:16.838302,23810,8226188171667584267,SUCCESS,0.02
2025-03-28T18:40:16.874818,106403,16481903762779505741,SUCCESS,0.04
2025-03-28T18:40:16.903539,55024,16178623953768699842,SUCCESS,0.03
2025-03-28T18:40:16.928517,9140,4950920576714567756,SUCCESS,0.02
2025-03-28T18:40:16.936665,649119,5864496940903332051,SUCCESS,0.01
2025-03-28T18:40:16.984894,773669,4304461791940510553,SUCCESS,0.05
2025-03-28T18:40:17.024398,785142,15404009842885674508,SUCCESS,0.04
2025-03-28T18:40:17.054717,422463,14124911503947333084,SUCCESS,0.03
2025-03-28T18:40:17.092345,65821,1943689715271231243,SUCCESS,0.04
2025-03-28T18:40:17.129405,341278,17788913120009827917,SUCCESS,0.04
2025-03-28T18:40:17.157597,594907,8855547958424658030,SUCCESS,0.03
2025-03-28T18:40:17.209898,112462,3402031981636526611,SUCCESS,0.05
2025-03-28T18:40:17.268455,23810,7647281516443591017,SUCCESS,0.06
2025-03-28T18:40:17.350941,106403,6715520075337611635,SUCCESS,0.08
2025-03-28T18:40:17.395893,55024,12896531918312461951,SUCCESS,0.04
2025-03-28T18:40:17.433320,9140,3853423806471306356,SUCCESS,0.04
2025-03-28T18:40:17.480745,649119,13912324724139241893,SUCCESS,0.05
2025-03-28T18:42:58.230629,24055,3153003352290306272,SUCCESS,0.03
2025-03-28T18:42:58.240167,141616,11900863896858284531,SUCCESS,0.01
2025-03-28T18:42:58.280071,776756,1925100186103122870,SUCCESS,0.04
2025-03-28T18:42:58.310294,298715,12382113387126849414,SUCCESS,0.03
2025-03-28T18:42:58.323654,456775,8587265338965541395,SUCCESS,0.01
2025-03-28T18:42:58.328659,293663,10215410985674744216,SUCCESS,0.01
2025-03-28T18:42:58.333811,319021,6263300185512499081,SUCCESS,0.01
2025-03-28T18:42:58.348326,801031,13625978413974182052,SUCCESS,0.01
2025-03-28T18:42:58.354385,384449,1164700774920351010,SUCCESS,0.01
2025-03-28T18:42:58.377399,442780,6229655901888108555,SUCCESS,0.02
2025-03-28T18:42:58.399533,176280,15241637699287705881,SUCCESS,0.02
2025-03-28T18:42:58.412041,176756,13147247153295747587,SUCCESS,0.01
2025-03-28T18:42:58.432790,24055,9559777872324967626,SUCCESS,0.02
2025-03-28T18:42:58.438792,141616,7947402796039807642,SUCCESS,0.00
2025-03-28T18:42:58.532420,776756,17282217556801460781,SUCCESS,0.09
2025-03-28T18:42:58.557202,298715,11467276172815975714,SUCCESS,0.02
2025-03-28T18:42:58.574220,456775,7177959719753367795,SUCCESS,0.02
2025-03-28T18:42:58.592326,293663,9091603528261726071,SUCCESS,0.02
2025-03-28T18:42:58.610468,319021,9970741845468423536,SUCCESS,0.02
2025-03-28T18:42:58.618221,801031,14763985216320064594,SUCCESS,0.01
2025-03-28T18:42:58.637237,384449,1237974898949488707,SUCCESS,0.02
2025-03-28T18:42:58.642239,442780,4480322861774608586,SUCCESS,0.00
2025-03-28T18:42:58.645323,176280,14242408410267372512,SUCCESS,0.00
2025-03-28T18:42:58.649323,176756,12144038787238349735,SUCCESS,0.00
2025-03-28T18:42:58.669344,24055,3138842811640462511,SUCCESS,0.02
2025-03-28T18:42:58.672848,141616,4138182931115716524,SUCCESS,0.00
2025-03-28T18:42:58.699557,776756,9512194512583256676,SUCCESS,0.03
2025-03-28T18:42:58.727350,298715,11996670154655046351,SUCCESS,0.03
2025-03-28T18:42:58.730961,456775,17775935507061625773,SUCCESS,0.00
2025-03-28T18:42:58.735474,293663,1714133170422789188,SUCCESS,0.00
2025-03-28T18:42:58.738474,319021,13990393288365877359,SUCCESS,0.00
2025-03-28T18:42:58.742985,801031,6813323779761764802,SUCCESS,0.00
2025-03-28T18:42:58.745988,384449,12870755990231771649,SUCCESS,0.00
2025-03-28T18:42:58.749985,442780,2198583636686704779,SUCCESS,0.00
2025-03-28T18:42:58.753497,176280,16326538158856926352,SUCCESS,0.00
2025-03-28T18:42:58.757496,176756,14414016158251897426,SUCCESS,0.00
2025-03-28T18:42:58.829287,24055,3469994849045128769,SUCCESS,0.07
2025-03-28T18:42:58.864701,141616,10163196494362577586,SUCCESS,0.04
2025-03-28T18:42:58.945913,776756,16083621388566492813,SUCCESS,0.08
2025-03-28T18:42:59.005218,298715,9930259130375969180,SUCCESS,0.06
2025-03-28T18:42:59.029707,456775,5266206094270584516,SUCCESS,0.02
2025-03-28T18:42:59.069048,293663,16973206282100805559,SUCCESS,0.04
2025-03-28T18:42:59.094816,319021,17400406390493293443,SUCCESS,0.02
2025-03-28T18:42:59.123477,801031,11878182466842393233,SUCCESS,0.03
2025-03-28T18:42:59.148259,384449,12581652422536587169,SUCCESS,0.02
2025-03-28T18:42:59.178960,442780,1074421550161858475,SUCCESS,0.03
2025-03-28T18:42:59.222636,176280,9164129683344013657,SUCCESS,0.04
2025-03-28T18:42:59.255944,176756,9745994542556615205,SUCCESS,0.03
2025-03-28T18:42:59.401167,24055,767546868298109270,SUCCESS,0.14
2025-03-28T18:42:59.448089,141616,1103030781887460163,SUCCESS,0.05
2025-03-28T18:42:59.472114,776756,10776412782275622078,SUCCESS,0.02
2025-03-28T18:42:59.503824,298715,5994423847922428445,SUCCESS,0.03
2025-03-28T18:42:59.543487,456775,5134771833685891027,SUCCESS,0.04
2025-03-28T18:42:59.589810,293663,13663205081330437782,SUCCESS,0.05
2025-03-28T18:42:59.623071,319021,331351423398663762,SUCCESS,0.03
2025-03-28T18:42:59.702129,801031,11758875678816046506,SUCCESS,0.08
2025-03-28T18:42:59.750996,384449,3939665613689726942,SUCCESS,0.05
2025-03-28T18:42:59.806111,442780,13146401682617504714,SUCCESS,0.05
2025-03-28T18:42:59.839655,176280,1493765701047837917,SUCCESS,0.03
2025-03-28T18:42:59.868660,176756,6596445016671702792,SUCCESS,0.03
2025-03-28T18:42:59.903385,24055,563524154695766547,SUCCESS,0.03
2025-03-28T18:42:59.929671,141616,15913169150151164555,SUCCESS,0.03
2025-03-28T18:42:59.991277,776756,16598991133031244270,SUCCESS,0.06
2025-03-28T18:43:00.020839,298715,14023723299944538651,SUCCESS,0.03
2025-03-28T18:43:00.066547,456775,4475169772638279706,SUCCESS,0.05
2025-03-28T18:43:00.147369,293663,11110370054564364824,SUCCESS,0.08
2025-03-28T18:43:00.174897,319021,4947790541328433270,SUCCESS,0.03
2025-03-28T18:43:00.212916,801031,6947012201561512400,SUCCESS,0.04
2025-03-28T18:43:00.236567,384449,11949472782578435533,SUCCESS,0.02
2025-03-28T18:43:00.260586,442780,13219639860015540480,SUCCESS,0.02
2025-03-28T18:43:00.284125,176280,1046490588012115152,SUCCESS,0.02
2025-03-28T18:43:00.308268,176756,8432603521206859664,SUCCESS,0.02
2025-03-29T10:56:27.006119,309887,2371407575374389250,SUCCESS,0.04
2025-03-29T10:56:27.028127,558637,5591615509546406044,SUCCESS,0.02
2025-03-29T10:56:27.042127,106933,6563627768461947180,SUCCESS,0.01
2025-03-29T10:56:28.406195,954898,7790184319224465691,SUCCESS,1.36
2025-03-29T10:56:28.421195,420649,9058063105637823757,SUCCESS,0.01
2025-03-29T10:56:28.440198,60744,8246769184397452160,SUCCESS,0.02
2025-03-29T10:56:28.456199,496612,7048914762474054014,SUCCESS,0.02
2025-03-29T10:56:28.471197,905644,13567533894367899180,SUCCESS,0.01
2025-03-29T10:56:28.495194,885947,528783193680155595,SUCCESS,0.02
2025-03-29T10:56:28.527196,634178,12033455067411139861,SUCCESS,0.03
2025-03-29T10:56:28.558194,256664,1315502862070569973,SUCCESS,0.03
2025-03-29T10:56:28.566195,334986,14789140316360081803,SUCCESS,0.01
2025-03-29T10:56:28.579198,309887,13694199380897891714,SUCCESS,0.01
2025-03-29T10:56:28.609199,558637,10977209477792789012,SUCCESS,0.03
2025-03-29T10:56:28.636200,106933,3902301575694078801,SUCCESS,0.03
2025-03-29T10:56:28.644196,954898,9123431822614699019,SUCCESS,0.01
2025-03-29T10:56:28.667197,420649,10688011611491252284,SUCCESS,0.02
2025-03-29T10:56:28.688197,60744,3098499828853923158,SUCCESS,0.02
2025-03-29T10:56:28.718196,496612,4636129235579357869,SUCCESS,0.03
2025-03-29T10:56:28.732199,905644,750509633566408014,SUCCESS,0.01
2025-03-29T10:56:28.750197,885947,10431914986799908729,SUCCESS,0.02
2025-03-29T10:56:28.764199,634178,9276438966704875068,SUCCESS,0.01
2025-03-29T10:56:28.780198,256664,14595602418452538613,SUCCESS,0.02
2025-03-29T10:56:28.796195,334986,16709036101545008515,SUCCESS,0.01
2025-03-29T10:56:28.811197,309887,16823298434854401352,SUCCESS,0.01
2025-03-29T10:56:28.853195,558637,17940077280428809032,SUCCESS,0.04
2025-03-29T10:56:28.858199,106933,5220915012782052944,SUCCESS,0.00
2025-03-29T10:56:28.879195,954898,5557592288803494031,SUCCESS,0.02
2025-03-29T10:56:28.883195,420649,12316933248495336112,SUCCESS,0.00
2025-03-29T10:56:28.898196,60744,7853579879670746377,SUCCESS,0.01
2025-03-29T10:56:28.916195,496612,8153926095947506158,SUCCESS,0.02
2025-03-29T10:56:28.939196,905644,6768845466435375444,SUCCESS,0.02
2025-03-29T10:56:28.944289,885947,2280719067628369404,SUCCESS,0.00
2025-03-29T10:56:28.967285,634178,14474501767940984631,SUCCESS,0.02
2025-03-29T10:56:28.972285,256664,1772395801918247742,SUCCESS,0.01
2025-03-29T10:56:28.977285,334986,4267188769357271612,SUCCESS,0.01
2025-03-29T10:56:28.982287,309887,4586326125715987351,SUCCESS,0.01
2025-03-29T10:56:28.987286,558637,9518479735389774988,SUCCESS,0.00
2025-03-29T10:56:28.992286,106933,1057498336987633160,SUCCESS,0.00
2025-03-29T10:56:28.998285,954898,1609918138135153531,SUCCESS,0.01
2025-03-29T10:56:29.024334,420649,10240795018661728466,SUCCESS,0.03
2025-03-29T10:56:29.041681,60744,15378536891370244355,SUCCESS,0.02
2025-03-29T10:56:29.066682,496612,10501574721461022944,SUCCESS,0.03
2025-03-29T10:56:29.086682,905644,17742693988289401857,SUCCESS,0.02
2025-03-29T10:56:29.112214,885947,7910186542649725736,SUCCESS,0.02
2025-03-29T10:56:29.137218,634178,15801462589151821615,SUCCESS,0.03
2025-03-29T10:56:29.153214,256664,5750221776980136470,SUCCESS,0.01
2025-03-29T10:56:29.199415,334986,18319196658774884883,SUCCESS,0.05
2025-03-29T10:56:29.236410,309887,16773171744593739441,SUCCESS,0.04
2025-03-29T10:56:29.261409,558637,7162585229743823529,SUCCESS,0.02
2025-03-29T10:56:29.265407,106933,3853582450976386827,SUCCESS,0.00
2025-03-29T10:56:29.283407,954898,7503536051821497148,SUCCESS,0.02
2025-03-29T10:56:29.300417,420649,17340130781426448397,SUCCESS,0.02
2025-03-29T10:56:29.322417,60744,2131677290673039926,SUCCESS,0.02
2025-03-29T10:56:29.353413,496612,6903062424414267712,SUCCESS,0.03
2025-03-29T10:56:29.396406,905644,13567026807647581202,SUCCESS,0.04
2025-03-29T10:56:29.418410,885947,5960396327559351103,SUCCESS,0.02
2025-03-29T10:56:29.425410,634178,8835625375321978038,SUCCESS,0.01
2025-03-29T10:56:29.460406,256664,12868878950842187431,SUCCESS,0.03
2025-03-29T10:56:29.482409,334986,18375508514567854973,SUCCESS,0.02
2025-03-29T10:56:29.499406,309887,14914598250271349920,SUCCESS,0.02
2025-03-29T10:56:29.532406,558637,3380686693050851169,SUCCESS,0.03
2025-03-29T10:56:29.537409,106933,9091487911741411166,SUCCESS,0.00
2025-03-29T10:56:29.569833,954898,2059165793959438059,SUCCESS,0.03
2025-03-29T10:56:29.598352,420649,12797507043723994716,SUCCESS,0.03
2025-03-29T10:56:29.602353,60744,8284887541927025673,SUCCESS,0.00
2025-03-29T10:56:29.627354,496612,12282009384724749755,SUCCESS,0.02
2025-03-29T10:56:29.651356,905644,439748169195935204,SUCCESS,0.02
2025-03-29T10:56:29.673355,885947,10062596183599906637,SUCCESS,0.02
2025-03-29T10:56:29.693397,634178,10802947746690505523,SUCCESS,0.02
2025-03-29T10:56:29.713397,256664,15005057801860390044,SUCCESS,0.02
2025-03-29T10:56:29.733400,334986,7392484614586282472,SUCCESS,0.02
2025-03-29T10:56:32.587449,146808,14943965692988026572,SUCCESS,0.03
2025-03-29T10:56:32.593448,834426,7354719333270984541,SUCCESS,0.00
2025-03-29T10:56:32.644448,233914,13530217507536393492,SUCCESS,0.05
2025-03-29T10:56:32.649449,753699,12445850752756966862,SUCCESS,0.01
2025-03-29T10:56:32.702450,37984,12954133255497065198,SUCCESS,0.05
2025-03-29T10:56:32.707450,622658,16423312304105774872,SUCCESS,0.01
2025-03-29T10:56:32.736451,472815,8147324326359382671,SUCCESS,0.03
2025-03-29T10:56:32.772450,369943,16181478171128580005,SUCCESS,0.04
2025-03-29T10:56:32.807447,62371,10387861620890617616,SUCCESS,0.03
2025-03-29T10:56:32.869878,294604,10227745685803453833,SUCCESS,0.06
2025-03-29T10:56:32.874416,934220,14654594662655303034,SUCCESS,0.00
2025-03-29T10:56:32.933426,853657,8631832951891247154,SUCCESS,0.06
2025-03-29T10:56:32.939424,146808,7774965836329878321,SUCCESS,0.01
2025-03-29T10:56:33.002423,834426,9206407329209037085,SUCCESS,0.06
2025-03-29T10:56:33.042424,233914,222888701120856203,SUCCESS,0.04
2025-03-29T10:56:33.048424,753699,12107261163639153228,SUCCESS,0.00
2025-03-29T10:56:33.120422,37984,13552661605879133422,SUCCESS,0.07
2025-03-29T10:56:33.161464,622658,17795777153554008854,SUCCESS,0.04
2025-03-29T10:56:33.165979,472815,5780720863579952372,SUCCESS,0.00
2025-03-29T10:56:33.233979,369943,14784092240978250630,SUCCESS,0.07
2025-03-29T10:56:33.238978,62371,6101038762704665539,SUCCESS,0.00
2025-03-29T10:56:33.307980,294604,10535833612071672801,SUCCESS,0.07
2025-03-29T10:56:33.351981,934220,3379202679400855955,SUCCESS,0.04
2025-03-29T10:56:33.356978,853657,9312590003331864810,SUCCESS,0.00
2025-03-29T10:56:33.427981,146808,10889484204260663627,SUCCESS,0.07
2025-03-29T10:56:33.433980,834426,8492223279048056090,SUCCESS,0.01
2025-03-29T10:56:33.504979,233914,18356287572270815291,SUCCESS,0.07
2025-03-29T10:56:33.509979,753699,6624507421039859232,SUCCESS,0.01
2025-03-29T10:56:33.579980,37984,130407608388199225,SUCCESS,0.07
2025-03-29T10:56:33.586980,622658,1692856026496521483,SUCCESS,0.01
2025-03-29T10:56:33.670981,472815,2522729488537613706,SUCCESS,0.08
2025-03-29T10:56:33.677979,369943,1568447610481503934,SUCCESS,0.01
2025-03-29T10:56:33.756502,62371,2627866301578845619,SUCCESS,0.08
2025-03-29T10:56:33.813494,294604,1309189693937189273,SUCCESS,0.05
2025-03-29T10:56:33.818497,934220,5500531469312761271,SUCCESS,0.01
2025-03-29T10:56:33.896898,853657,13751865350100833434,SUCCESS,0.08
2025-03-29T10:56:33.904890,146808,10828906314643720029,SUCCESS,0.01
2025-03-29T10:56:33.950346,834426,1211484799410885742,SUCCESS,0.04
2025-03-29T10:56:33.956345,233914,7910596392650172857,SUCCESS,0.00
2025-03-29T10:56:34.035348,753699,15279652785340305369,SUCCESS,0.08
2025-03-29T10:56:34.081865,37984,15769259059494823830,SUCCESS,0.04
2025-03-29T10:56:34.128317,622658,6835597443562410775,SUCCESS,0.05
2025-03-29T10:56:34.224438,472815,160351967845202537,SUCCESS,0.10
2025-03-29T10:56:34.233443,369943,6598937322117384675,SUCCESS,0.01
2025-03-29T10:56:34.317837,62371,3603229528552341800,SUCCESS,0.08
2025-03-29T10:56:34.366978,294604,2445600682272424524,SUCCESS,0.05
2025-03-29T10:56:34.372977,934220,5567506589990342510,SUCCESS,0.00
2025-03-29T10:56:34.462093,853657,9359846626945496048,SUCCESS,0.09
2025-03-29T10:56:34.469088,146808,7172923482253758242,SUCCESS,0.01
2025-03-29T10:56:34.524087,834426,13230679752232975740,SUCCESS,0.05
2025-03-29T10:56:34.574088,233914,17102482957552198024,SUCCESS,0.05
2025-03-29T10:56:34.621093,753699,4767228644219155044,SUCCESS,0.05
2025-03-29T10:56:34.680087,37984,7914622882709733453,SUCCESS,0.06
2025-03-29T10:56:34.726935,622658,5130668449252045197,SUCCESS,0.05
2025-03-29T10:56:34.772945,472815,15915058830305308061,SUCCESS,0.05
2025-03-29T10:56:34.860938,369943,4450072999766765012,SUCCESS,0.09
2025-03-29T10:56:34.997938,62371,15500995463303313929,SUCCESS,0.14
2025-03-29T10:56:35.046937,294604,13497007695019379481,SUCCESS,0.05
2025-03-29T10:56:35.151986,934220,18131042918566451161,SUCCESS,0.10
2025-03-29T10:56:35.252745,853657,12964322131938169718,SUCCESS,0.10
2025-03-29T10:56:35.257890,146808,18336891698550396650,SUCCESS,0.00
2025-03-29T10:56:35.356889,834426,44707805687598870,SUCCESS,0.10
2025-03-29T10:56:35.362892,233914,4836514922778964107,SUCCESS,0.01
2025-03-29T10:56:35.456890,753699,9399208675412157062,SUCCESS,0.09
2025-03-29T10:56:35.503889,37984,14371300463213780012,SUCCESS,0.05
2025-03-29T10:56:35.508891,622658,16445961661236496152,SUCCESS,0.00
2025-03-29T10:56:35.548889,472815,11119567070386736267,SUCCESS,0.04
2025-03-29T10:56:35.590892,369943,17081982803194348960,SUCCESS,0.04
2025-03-29T10:56:35.631889,62371,1475005375147911976,SUCCESS,0.04
2025-03-29T10:56:35.718888,294604,14514086129018197414,SUCCESS,0.09
2025-03-29T10:56:35.726887,934220,303096637639887991,SUCCESS,0.01
2025-03-29T10:56:35.735896,853657,13707763209287505995,SUCCESS,0.01
2025-03-29T10:56:47.539684,556290,18248389527081901500,SUCCESS,0.03
2025-03-29T10:56:47.578690,22558,14902512355395108744,SUCCESS,0.04
2025-03-29T10:56:47.582689,973471,7869167762563813928,SUCCESS,0.00
2025-03-29T10:56:47.624688,202664,6302908278220650046,SUCCESS,0.04
2025-03-29T10:56:47.677688,113624,16704458133361071733,SUCCESS,0.05
2025-03-29T10:56:47.739908,136344,11537571393977898496,SUCCESS,0.06
2025-03-29T10:56:47.806917,250014,6925468233225070647,SUCCESS,0.07
2025-03-29T10:56:47.810908,405308,1187926785108588728,SUCCESS,0.00
2025-03-29T10:56:47.814909,821004,17490344389414717220,SUCCESS,0.00
2025-03-29T10:56:48.142923,450236,5821711810162096936,SUCCESS,0.33
2025-03-29T10:56:48.197051,478817,17734536406299265041,SUCCESS,0.05
2025-03-29T10:56:48.270105,917251,2912997910798717519,SUCCESS,0.07
2025-03-29T10:56:48.274107,556290,1431873676403193672,SUCCESS,0.00
2025-03-29T10:56:48.375355,22558,10713402562363847982,SUCCESS,0.10
2025-03-29T10:56:48.450351,973471,11590839670966580908,SUCCESS,0.07
2025-03-29T10:56:48.491356,202664,18128532751496163254,SUCCESS,0.04
2025-03-29T10:56:48.556351,113624,4446307766026849047,SUCCESS,0.06
2025-03-29T10:56:48.559882,136344,7466632138496735497,SUCCESS,0.00
2025-03-29T10:56:48.598416,250014,5699983776795372564,SUCCESS,0.04
2025-03-29T10:56:48.632417,405308,16403587268434154812,SUCCESS,0.03
2025-03-29T10:56:48.746433,821004,348664251911543644,SUCCESS,0.11
2025-03-29T10:56:48.812434,450236,948354239997695851,SUCCESS,0.07
2025-03-29T10:56:48.905741,478817,16252766300352137683,SUCCESS,0.09
2025-03-29T10:56:48.912742,917251,1826252939916585510,SUCCESS,0.01
2025-03-29T10:56:48.924743,556290,16393393068913290814,SUCCESS,0.01
2025-03-29T10:56:48.937742,22558,10150024564037166390,SUCCESS,0.01
2025-03-29T10:56:49.004502,973471,316599489231463646,SUCCESS,0.07
2025-03-29T10:56:49.080552,202664,16473745615439564200,SUCCESS,0.08
2025-03-29T10:56:49.193057,113624,17358486656254476357,SUCCESS,0.11
2025-03-29T10:56:49.287335,136344,18413876667763111794,SUCCESS,0.09
2025-03-29T10:56:49.324334,250014,3810765999720636657,SUCCESS,0.04
2025-03-29T10:56:49.373761,405308,15083059685505870358,SUCCESS,0.05
2025-03-29T10:56:49.410761,821004,13004291602177463966,SUCCESS,0.04
2025-03-29T10:56:49.477762,450236,16416482105669620423,SUCCESS,0.07
2025-03-29T10:56:49.517762,478817,6457019980756147492,SUCCESS,0.04
2025-03-29T10:56:49.554760,917251,2656924248947728217,SUCCESS,0.04
2025-03-29T10:56:49.590617,556290,755117164573422732,SUCCESS,0.04
2025-03-29T10:56:49.630621,22558,12346213851560556793,SUCCESS,0.04
2025-03-29T10:56:49.635622,973471,15386002011551307233,SUCCESS,0.00
2025-03-29T10:56:49.639623,202664,6011778051848425020,SUCCESS,0.00
2025-03-29T10:56:49.643620,113624,8148513395200761075,SUCCESS,0.00
2025-03-29T10:56:49.648623,136344,18386389580809185765,SUCCESS,0.00
2025-03-29T10:56:49.687636,250014,13903121225931437637,SUCCESS,0.04
2025-03-29T10:56:49.730667,405308,8093645558990854405,SUCCESS,0.04
2025-03-29T10:56:49.772671,821004,9608604994103818059,SUCCESS,0.04
2025-03-29T10:56:49.993314,450236,9629439849325706770,SUCCESS,0.22
2025-03-29T10:56:50.114223,478817,12470587071611148523,SUCCESS,0.12
2025-03-29T10:56:50.194315,917251,13337840091355392216,SUCCESS,0.08
2025-03-29T10:56:50.200874,556290,4624489392474250037,SUCCESS,0.01
2025-03-29T10:56:50.207497,22558,3128435050368939101,SUCCESS,0.01
2025-03-29T10:56:50.276763,973471,8547688453006069410,SUCCESS,0.07
2025-03-29T10:56:50.352760,202664,6224118184008884526,SUCCESS,0.08
2025-03-29T10:56:50.391762,113624,18434980011131622387,SUCCESS,0.04
2025-03-29T10:56:50.583908,136344,3985530158702212640,SUCCESS,0.19
2025-03-29T10:56:50.625905,250014,6161873907589961388,SUCCESS,0.04
2025-03-29T10:56:50.725737,405308,15398181853665992793,SUCCESS,0.10
2025-03-29T10:56:50.814933,821004,15234624415782139506,SUCCESS,0.09
2025-03-29T10:56:50.910547,450236,11820816851454391520,SUCCESS,0.09
2025-03-29T10:56:50.993546,478817,1724233820864091758,SUCCESS,0.08
2025-03-29T10:56:50.998547,917251,17654850046542601772,SUCCESS,0.00
2025-03-29T10:56:51.003545,556290,12529520216462266134,SUCCESS,0.00
2025-03-29T10:56:51.047548,22558,17566950263728751463,SUCCESS,0.04
2025-03-29T10:56:51.121592,973471,6444824594643496826,SUCCESS,0.07
2025-03-29T10:56:51.164100,202664,13934257647631200112,SUCCESS,0.04
2025-03-29T10:56:51.206102,113624,5199188231769620212,SUCCESS,0.04
2025-03-29T10:56:51.251226,136344,798204571034075389,SUCCESS,0.04
2025-03-29T10:56:51.291226,250014,14697496107302567037,SUCCESS,0.04
2025-03-29T10:56:51.354226,405308,15814049570627392222,SUCCESS,0.06
2025-03-29T10:56:51.396727,821004,4245325654080534250,SUCCESS,0.04
2025-03-29T10:56:51.503752,450236,17000310891917774721,SUCCESS,0.11
2025-03-29T10:56:51.569751,478817,15899992795165389440,SUCCESS,0.06
2025-03-29T10:56:51.572752,917251,676041468473324612,SUCCESS,0.00
